{"cameraMode":{"drawMode":0,"name":"Shaded","section":"Shading Mode"},"sceneLighting":true,"audioPlay":false,"sceneViewState":{"showFog":true,"showMaterialUpdate":false,"showSkybox":true,"showFlares":true,"showImageEffects":true,"showParticleSystems":true},"in2DMode":false,"pivot":{"x":-0.4941340684890747,"y":2.4876163005828859,"z":0.15032410621643067},"rotation":{"x":0.12510408461093903,"y":0.6229420304298401,"z":-0.10180652141571045,"w":0.7654655575752258},"size":2.630363702774048,"orthographic":true}